"BIO01","BIO12","occ"
9.98715591430664,897,1
9.33323955535889,472,1
9.85378170013428,663,1
7.31356239318848,1025,1
6.56768751144409,689,1
11.3054790496826,807,1
10.5621452331543,531,1
7.0733437538147,730,1
16.1836357116699,832,1
9.67020797729492,654,1
6.40839576721191,633,1
9.71866703033447,649,1
8.55956268310547,663,1
14.0642499923706,517,1
12.8430624008179,713,1
6.97156238555908,873,1
13.5686769485474,650,1
12.832103729248,833,1
9.75458335876465,827,1
6.50262498855591,1103,1
7.18109369277954,689,1
9.18740653991699,549,1
8.47507286071777,829,1
4.68133354187012,718,1
8.57089614868164,691,1
8.25482273101807,715,1
10.1858329772949,547,1
16.3926792144775,865,1
10.0358648300171,725,1
11.3612394332886,678,1
15.5507707595825,266,1
15.8698644638062,384,1
11.739239692688,425,1
8.28976058959961,588,1
11.5345726013184,832,1
12.2269792556763,517,1
8.31310367584229,1090,1
10.49134349823,709,1
10.7235517501831,619,1
10.1726770401001,787,1
11.4805555343628,1008,1
15.4260101318359,808,1
9.98824977874756,641,1
9.78591632843018,953,1
10.7386045455933,736,1
11.5486354827881,1009,1
10.1985416412354,864,1
9.21943759918213,824,1
10.0546770095825,754,1
7.32798671722412,772,1
12.4006462097168,737,1
11.0093231201172,550,1
8.05061435699463,631,1
11.1081876754761,717,1
10.9639272689819,499,1
10.2832479476929,799,1
12.1520128250122,1008,1
8.01865577697754,724,1
7.27660417556763,635,1
10.4055938720703,618,1
16.6282196044922,689,1
12.7416458129883,714,1
11.2346353530884,567,1
10.3473539352417,681,1
7.6726770401001,726,1
9.29904174804688,770,1
7.63434362411499,807,1
17.1988124847412,601,1
8.66235446929932,534,1
9.32513523101807,785,1
15.6173963546753,498,1
11.0236978530884,466,1
8.64645862579346,611,1
11.9537706375122,791,1
15.7308330535889,758,1
14.1816692352295,729,1
9.58902072906494,764,1
9.62869834899902,556,1
11.1255941390991,583,1
10.9370937347412,868,1
10.544020652771,679,1
16.6822395324707,971,1
9.4223747253418,836,1
16.7598438262939,573,1
10.9471769332886,778,1
9.62964534759521,1000,1
5.4193959236145,661,1
7.56855297088623,572,1
14.5590105056763,347,1
10.4517498016357,794,1
10.7966566085815,757,1
15.5402088165283,1203,1
14.2224855422974,640,1
11.0878124237061,451,1
13.3648958206177,602,1
10.4147081375122,769,1
9.18322944641113,489,1
13.3095207214355,843,1
9.59521865844727,1036,1
9.29560470581055,673,1
8.71066665649414,736,1
13.8351249694824,619,1
10.0053224563599,591,1
6.65222930908203,577,1
9.13646221160889,801,1
8.06037521362305,499,1
7.11503124237061,619,1
10.141583442688,517,1
12.9103546142578,554,1
12.3022184371948,664,1
6.65283346176147,993,1
9.89151000976562,757,1
11.6724328994751,727,1
6.32772922515869,786,1
10.1440629959106,457,1
10.7444896697998,750,1
9.09528160095215,681,1
6.47176027297974,629,1
9.0119686126709,663,1
9.54598999023438,906,1
8.74761486053467,653,1
10.5530414581299,631,1
10.4904479980469,643,1
12.3930521011353,1093,1
11.4876775741577,1191,1
5.53385400772095,628,1
10.6610107421875,750,1
12.7064685821533,941,1
10.9188642501831,719,1
16.3270511627197,610,1
10.4585628509521,493,1
16.9677181243896,471,1
11.4950523376465,435,1
9.08806228637695,529,1
15.1279058456421,609,1
10.3818025588989,476,1
8.49842739105225,527,1
16.5906982421875,556,1
5.71095848083496,646,1
9.38139533996582,743,1
10.281135559082,664,1
10.9415731430054,568,1
11.6558227539062,809,1
12.4501876831055,644,1
7.8121976852417,615,1
14.1795864105225,717,1
13.8190116882324,672,1
11.2975940704346,743,1
14.4563884735107,884,1
16.4345016479492,586,1
7.39053297042847,814,1
15.7057657241821,954,1
10.692437171936,590,1
13.5647468566895,649,1
13.2644729614258,905,1
14.54993724823,642,1
8.97103118896484,987,1
13.0950622558594,1061,1
15.0560522079468,656,1
11.0158958435059,1046,1
9.91768741607666,591,1
15.1236114501953,828,1
8.42079162597656,788,1
9.59922885894775,766,1
9.70292663574219,748,1
11.7767705917358,493,1
13.0889482498169,409,1
10.3016872406006,743,1
12.9568433761597,1211,1
10.1409788131714,726,1
8.95889568328857,629,1
10.4050626754761,802,1
18.1715431213379,704,1
8.36941623687744,626,1
16.6868457794189,697,1
9.84335422515869,533,1
13.3194999694824,580,1
13.1794481277466,1289,1
7.70187473297119,582,1
10.5975208282471,504,1
7.50759363174438,721,1
11.2620105743408,593,1
8.37321853637695,672,1
10.2892293930054,972,1
9.27395820617676,609,1
11.9698753356934,514,1
10.0359897613525,763,1
15.4465103149414,611,1
7.08709383010864,1084,1
7.42524528503418,580,1
13.7192764282227,642,1
9.77149963378906,826,1
5.4497709274292,629,1
9.6352710723877,550,1
17.9040431976318,473,1
15.6649484634399,750,1
9.56802082061768,924,1
8.68099117279053,655,1
11.5434789657593,666,1
9.94082260131836,1216,1
11.318187713623,626,1
6.37539577484131,603,1
14.8059606552124,538,1
10.4498329162598,1229,1
9.48269844055176,841,1
7.14658355712891,846,1
9.64138507843018,859,1
10.6359691619873,640,1
10.5308856964111,867,1
13.2868747711182,681,1
9.13895797729492,824,1
10.9100732803345,639,1
10.5025939941406,707,1
8.96268749237061,589,1
12.9355812072754,791,1
8.39231204986572,1006,1
10.4724388122559,1096,1
10.8556976318359,572,1
7.79689598083496,1037,1
7.1910834312439,585,1
11.5109167098999,598,1
19.0718746185303,534,1
15.2238435745239,489,1
16.7896022796631,693,1
11.3339061737061,767,1
9.53227043151855,759,1
9.17880153656006,763,1
15.9160623550415,676,1
9.1525936126709,548,1
16.8908023834229,427,1
8.58942699432373,759,1
14.1075000762939,1152,1
8.88978099822998,783,1
11.3211669921875,761,1
13.7693538665771,653,1
10.4208335876465,605,1
13.4711771011353,674,1
17.0193576812744,552,1
11.2581043243408,679,1
7.82402086257935,992,1
9.38107299804688,1087,1
8.48146915435791,707,1
10.5002183914185,770,1
8.74144840240479,1016,1
10.8994169235229,610,1
9.06401062011719,540,1
9.49561500549316,844,1
6.14566659927368,622,1
15.1654691696167,241,1
9.56052112579346,1314,1
10.7664375305176,647,1
12.4439163208008,1094,1
16.2140522003174,971,1
10.3745727539062,681,1
16.072135925293,768,1
7.85089588165283,723,1
13.8054208755493,734,1
13.7981252670288,585,1
9.76546859741211,628,1
8.09812545776367,526,1
7.04314565658569,599,1
17.0318222045898,491,1
8.36994075775146,729,1
6.66921854019165,592,1
13.609167098999,1260,1
8.78738498687744,887,1
9.71446990966797,816,1
9.67646884918213,789,1
12.6075839996338,801,1
9.1551456451416,720,1
7.54441690444946,1094,1
12.0098438262939,772,1
11.2283477783203,867,1
10.527494430542,782,1
14.5915107727051,434,1
17.2937507629395,836,1
6.13692712783813,602,1
9.22457313537598,855,1
11.804615020752,944,1
8.4500732421875,878,1
8.07489585876465,686,1
10.8152914047241,741,1
10.0063228607178,648,1
11.3515729904175,631,1
11.2393436431885,829,1
9.50678157806396,840,1
11.1734066009521,801,1
10.2052297592163,844,1
12.4562606811523,913,1
8.33440589904785,851,1
9.88388538360596,857,1
10.993353843689,856,1
11.2313957214355,759,1
7.47357273101807,1098,1
17.3495006561279,734,1
17.4144897460938,627,1
5.52433347702026,676,1
10.93834400177,776,1
13.3277912139893,766,1
13.519624710083,1492,1
13.5205001831055,394,1
11.6713123321533,809,1
10.7967596054077,399,1
11.1315937042236,415,1
9.74512481689453,533,1
9.13628101348877,801,1
10.6433124542236,750,1
12.0165309906006,852,1
9.84578132629395,630,1
10.7216768264771,538,1
15.2407608032227,749,1
10.4174060821533,1183,1
9.1665153503418,1240,1
12.5358753204346,735,1
10.3066463470459,636,1
8.47623920440674,548,1
7.87256240844727,611,1
10.5766563415527,679,1
10.1617279052734,1045,1
15.1625413894653,396,1
7.8590726852417,586,1
10.5328016281128,1059,1
13.5455417633057,725,1
10.633978843689,442,1
10.9956245422363,871,1
11.4097394943237,803,1
19.179874420166,112,1
12.6666669845581,767,1
10.0507497787476,678,1
7.86320972442627,1333,1
8.71893787384033,969,1
10.9868850708008,616,1
8.38334369659424,632,1
7.85763883590698,1105,1
14.6642913818359,706,1
9.09871864318848,768,1
17.0652770996094,824,1
16.1306610107422,627,1
16.4963645935059,686,1
5.89028120040894,612,1
14.2782707214355,606,1
10.9439115524292,742,1
9.00944805145264,736,1
14.3217287063599,884,1
14.97350025177,616,1
11.0598020553589,578,1
5.53320837020874,641,1
12.0053234100342,552,1
10.603687286377,997,1
9.27312469482422,586,1
10.7076044082642,771,1
5.92468738555908,835,1
12.9811248779297,508,1
12.1604995727539,1046,1
9.27461433410645,587,1
5.36758327484131,653,1
8.81034374237061,618,1
9.39479160308838,790,1
13.3141250610352,1136,1
8.06428146362305,574,1
11.1826667785645,691,1
10.3813962936401,765,1
6.97937488555908,764,1
11.9034585952759,1164,1
13.9952602386475,614,1
14.7206563949585,431,1
14.2122001647949,798,1
12.4140205383301,851,1
9.96026039123535,647,1
14.9148807525635,613,1
15.4356756210327,753,1
10.687479019165,1118,1
17.7511386871338,599,1
9.57430171966553,669,1
9.06774997711182,702,1
6.00208330154419,782,1
9.18312454223633,493,1
14.2912397384644,836,1
10.4973125457764,641,1
6.11070823669434,614,1
13.7269792556763,497,1
17.3968029022217,913,1
11.9893026351929,1204,1
8.11655235290527,1040,1
15.8293018341064,996,1
7.07130193710327,629,1
10.3939371109009,791,1
10.9037914276123,623,1
10.9722814559937,796,1
10.5422601699829,705,1
5.6532187461853,875,1
12.1016044616699,586,1
8.34697914123535,654,1
13.8677186965942,401,1
10.9093017578125,782,1
10.1211252212524,792,1
10.4635314941406,667,1
12.9344568252563,934,1
10.9008855819702,753,1
5.04150009155273,652,1
5.40529155731201,635,1
10.69615650177,776,1
17.8880424499512,540,1
8.75850009918213,764,1
15.2941665649414,874,1
9.86822891235352,628,1
16.5685520172119,625,1
12.071177482605,957,1
14.0150203704834,626,1
9.41939544677734,530,1
14.7151870727539,711,1
8.20803165435791,1208,1
14.2880001068115,759,1
15.9166669845581,834,1
10.3173961639404,682,1
10.997239112854,669,1
6.56977081298828,615,1
11.270697593689,588,1
9.14836406707764,779,1
11.59765625,765,1
8.85479831695557,793,1
11.3206768035889,450,1
8.65276050567627,821,1
14.2222776412964,650,1
8.82855224609375,1440,1
15.9017486572266,611,1
10.7781248092651,621,1
9.52055168151855,825,1
11.3709163665771,1021,1
7.66526031494141,611,1
6.25113534927368,901,1
8.81598949432373,760,1
10.5654792785645,624,1
4.30700016021729,1014,1
10.1549787521362,776,1
9.61331272125244,555,1
10.8874168395996,825,1
9.12971878051758,760,1
13.3918962478638,825,1
13.7191457748413,918,1
10.2825832366943,681,1
12.9210376739502,478,1
8.08033275604248,901,1
11.2313022613525,671,1
13.9988431930542,348,1
8.52910423278809,1080,1
13.5802183151245,407,1
10.8239164352417,727,1
12.9296770095825,573,1
9.35457324981689,1232,1
15.1318225860596,605,1
9.67705249786377,769,1
10.3557395935059,707,1
11.5959892272949,912,1
14.1550922393799,956,1
7.56551027297974,575,1
15.2909479141235,437,1
8.44820785522461,607,1
11.0697498321533,983,1
13.6058645248413,850,1
5.87070846557617,662,1
9.42525005340576,725,1
10.0091247558594,1127,1
11.4081878662109,662,1
8.71390628814697,850,1
10.7094058990479,1062,1
11.0080108642578,1058,1
16.1214637756348,582,1
12.0359897613525,591,1
14.5554170608521,406,1
12.9163331985474,725,1
8.27467727661133,556,1
13.6913328170776,568,1
8.48602104187012,592,1
8.35248947143555,826,1
9.79305171966553,641,1
8.54190635681152,753,1
11.9079275131226,796,1
14.0346250534058,952,1
8.17165660858154,857,1
10.3073644638062,749,1
17.3877372741699,625,1
12.7275314331055,588,1
8.35713577270508,704,1
7.36033344268799,514,1
12.6181879043579,981,1
11.3041667938232,975,1
8.45225048065186,686,1
9.94071865081787,1078,1
7.80357313156128,627,1
6.12092685699463,609,1
12.6798439025879,916,1
9.29452037811279,906,1
9.54846858978271,506,1
12.073187828064,962,1
4.8513126373291,684,1
10.1948747634888,725,1
11.3249998092651,843,1
8.76069831848145,1118,1
14.1678857803345,408,1
9.77853107452393,720,1
11.0061664581299,581,1
13.7383842468262,634,1
12.7220315933228,926,1
14.3617086410522,1070,1
10.4279794692993,813,1
8.92514610290527,758,1
10.0989999771118,571,1
6.64021873474121,625,1
14.7791662216187,699,1
14.6851568222046,605,1
11.0574169158936,793,1
7.8342604637146,579,1
9.48945808410645,779,1
8.22721672058105,671,1
10.4861040115356,771,1
9.85388565063477,626,1
8.18426036834717,636,1
11.205249786377,782,1
7.65833330154419,720,1
14.2128887176514,661,1
10.0099477767944,666,1
10.1439800262451,999,1
12.4462604522705,888,1
10.1972703933716,556,1
8.40763568878174,699,1
7.19063568115234,1084,1
12.3630313873291,757,1
5.14497900009155,674,1
12.1828689575195,583,1
7.36142683029175,496,1
8.24821853637695,764,1
15.5762729644775,888,1
8.3523645401001,550,1
11.4778747558594,763,1
14.8834791183472,463,1
9.65670871734619,799,1
14.9997711181641,410,1
9.12183380126953,684,1
10.015417098999,888,1
15.3990526199341,450,1
13.2348432540894,866,1
7.56714773178101,709,1
9.94339561462402,826,1
8.07455253601074,692,1
18.1059532165527,410,1
12.9436349868774,903,1
14.8937816619873,386,1
17.6439266204834,704,1
9.90191650390625,668,1
10.9285516738892,600,1
11.0448122024536,657,1
11.783374786377,477,1
7.05640649795532,858,1
8.95104122161865,756,1
9.08496856689453,643,1
15.9511423110962,584,1
15.4522294998169,633,1
10.7771663665771,526,1
11.8048858642578,763,1
11.2919273376465,808,1
6.99794816970825,594,1
14.55859375,432,1
14.0795421600342,732,1
15.0098123550415,520,1
8.48611831665039,715,1
12.6613855361938,553,1
8.33663558959961,557,1
8.85162448883057,812,1
18.1369400024414,624,1
10.6650314331055,512,1
7.29857301712036,593,1
8.70844745635986,762,1
15.1062183380127,1005,1
6.53733348846436,629,1
9.27617740631104,1257,1
9.4115104675293,817,1
11.574239730835,789,1
16.2527542114258,752,1
9.08133316040039,814,1
16.1289691925049,425,1
13.5666456222534,376,1
7.98957300186157,560,1
12.1161870956421,559,1
7.17920112609863,770,1
13.8173227310181,760,1
13.5987710952759,629,1
8.44482326507568,708,1
5.86668729782104,623,1
14.498969078064,529,1
9.43960380554199,631,1
11.3247919082642,873,1
17.9904518127441,384,1
12.8225421905518,695,1
11.6388130187988,708,1
7.50233364105225,610,1
10.5336246490479,539,1
10.668176651001,612,1
9.37959384918213,1514,1
11.4358949661255,788,1
10.1282711029053,820,1
14.1581773757935,460,1
11.0771350860596,643,1
10.1783208847046,1016,1
10.5726184844971,738,1
8.178466796875,595,1
10.6976461410522,753,1
7.54083347320557,790,1
14.3739995956421,657,1
13.5352191925049,1158,1
9.42335414886475,562,1
12.1866664886475,697,1
11.6974792480469,862,1
4.89182281494141,654,1
8.91309356689453,683,1
8.69935417175293,538,1
7.3855938911438,609,1
8.0250940322876,955,1
5.68706226348877,659,1
12.6995725631714,872,1
18.8058910369873,773,1
7.4090518951416,1010,1
8.10592269897461,648,1
9.63156223297119,901,1
12.6155738830566,753,1
9.63178157806396,761,1
10.5876770019531,651,1
16.3391513824463,468,1
11.8820524215698,561,1
11.7865934371948,583,1
8.07180213928223,681,1
13.7507295608521,358,1
15.01784324646,639,1
11.5682497024536,406,1
13.0432081222534,722,1
14.295093536377,887,1
6.47426462173462,622,1
8.93204116821289,1245,1
8.08031272888184,591,1
9.57178115844727,962,1
10.6638956069946,493,1
17.3804264068604,646,1
7.13457298278809,703,1
11.6115627288818,555,1
13.3045225143433,836,1
10.3231983184814,494,1
8.45100021362305,607,1
11.7308015823364,707,1
10.4107189178467,653,1
14.7654476165771,526,1
8.01223945617676,938,1
6.73654174804688,816,1
9.14202404022217,796,1
15.3927602767944,601,1
14.7085628509521,456,1
7.38028860092163,714,1
7.27965593338013,588,1
11.2541246414185,835,1
10.5521249771118,540,1
9.70688533782959,888,1
14.8516874313354,391,1
7.87316656112671,1038,1
10.8091459274292,825,1
16.6587295532227,631,1
12.8702182769775,625,1
11.1200828552246,783,1
6.49942684173584,796,1
10.5571975708008,838,1
8.53026008605957,709,1
13.9308023452759,895,1
12.6106691360474,807,1
10.6008129119873,529,1
13.0347290039062,899,1
9.91217708587646,780,1
10.1447496414185,614,1
9.87874984741211,545,1
8.77914619445801,505,1
10.3266773223877,765,1
10.4908647537231,566,1
10.1276559829712,1134,1
8.05595874786377,746,1
8.51479148864746,627,1
7.67088556289673,669,1
7.10353136062622,731,1
6.60844802856445,591,1
10.537260055542,519,1
14.1385126113892,540,1
10.8889894485474,978,1
13.7121248245239,543,1
14.6142082214355,823,1
11.3898754119873,833,1
9.30544757843018,1181,1
10.4803018569946,527,1
13.7502393722534,768,1
9.89999961853027,813,1
15.5303335189819,603,1
13.5910205841064,708,1
12.7502603530884,946,1
10.3970727920532,588,1
9.62647914886475,793,1
7.49674987792969,700,1
14.3230085372925,703,1
12.5504894256592,774,1
7.99140644073486,547,1
10.6186876296997,1106,1
16.519359588623,958,1
8.89522933959961,891,1
10.8849267959595,1163,1
10.3856563568115,780,1
15.3959169387817,723,1
16.3772506713867,674,1
14.2508430480957,546,1
14.64537525177,494,1
15.9197292327881,534,1
10.6016454696655,545,1
14.7013158798218,657,1
12.2403583526611,778,1
11.918906211853,780,1
4.55612516403198,713,1
13.0928230285645,722,1
14.8181066513062,645,1
16.5047817230225,603,1
8.5697078704834,589,1
17.0523509979248,502,1
10.2094030380249,510,1
10.8933124542236,406,1
7.79976034164429,1125,1
15.7090625762939,599,1
8.83816719055176,510,1
12.6156435012817,785,1
9.42789554595947,753,1
7.82632303237915,1209,1
8.42106246948242,852,1
6.93004179000854,628,1
12.3555517196655,1055,1
10.1583232879639,674,1
7.92287492752075,646,1
5.18983316421509,652,1
10.2759580612183,655,1
11.8894691467285,810,1
5.18748950958252,1182,1
10.5920209884644,806,1
12.8806562423706,852,1
8.79467678070068,971,1
10.9492082595825,601,1
9.2577600479126,660,1
14.4788436889648,412,1
12.0017395019531,714,1
8.52388572692871,645,1
6.59754180908203,613,1
9.9877290725708,749,1
10.056812286377,817,1
12.2753438949585,1043,1
13.0043954849243,755,1
8.84742069244385,747,1
9.71090602874756,618,1
9.78417682647705,1123,1
9.62058353424072,1527,1
11.6608333587646,887,1
12.7551774978638,1071,1
9.05730247497559,731,1
10.1638851165771,761,1
11.4731559753418,477,1
10.1706981658936,576,1
10.3439273834229,521,1
13.0303745269775,990,1
11.2644996643066,996,1
9.87155818939209,1047,1
13.7777814865112,449,1
8.38503170013428,831,1
7.08274984359741,614,1
17.8625965118408,764,1
16.0949172973633,589,1
8.12827110290527,1140,1
11.2641773223877,974,1
10.0709266662598,769,1
9.80627059936523,735,1
9.46234321594238,758,1
9.10018730163574,597,1
8.01416683197021,618,1
10.2559995651245,704,1
7.90838527679443,625,1
11.632926940918,781,1
8.7185001373291,646,1
7.68139600753784,715,1
11.6739168167114,1263,1
10.2796249389648,800,1
12.3198957443237,863,1
11.6870727539062,592,1
17.8234996795654,509,1
6.74165630340576,646,1
9.20265674591064,1038,1
10.3392400741577,730,1
10.8531560897827,531,1
8.34579181671143,1191,1
9.53912544250488,926,1
11.5259475708008,700,1
11.0629892349243,613,1
11.5876770019531,564,1
11.8774375915527,601,1
9.19359016418457,756,1
9.81864547729492,697,1
10.8993129730225,893,1
12.5430002212524,897,1
14.5126142501831,918,1
6.10524988174438,635,1
14.1652183532715,557,1
9.22677040100098,725,1
8.10623931884766,685,1
15.0062713623047,508,1
11.4393539428711,753,1
16.7706604003906,669,1
12.6727809906006,565,1
8.1699686050415,1317,1
16.3856143951416,541,1
13.7168025970459,868,1
14.1299304962158,656,1
13.3851041793823,728,1
8.93249988555908,668,1
9.92891693115234,554,1
8.52996921539307,649,1
10.7251768112183,619,1
12.1845941543579,460,1
5.05984354019165,644,1
17.2996768951416,917,1
11.5272130966187,722,1
9.24862480163574,833,1
11.8159170150757,923,1
15.0504169464111,863,1
14.2882604598999,440,1
11.9321670532227,838,1
7.83014583587646,810,1
9.66374969482422,644,1
8.29055595397949,671,1
8.32866668701172,852,1
10.5674476623535,507,1
12.1508541107178,415,1
9.32531261444092,553,1
10.5329580307007,646,1
13.3977394104004,819,1
6.19243764877319,655,1
17.0635318756104,674,1
10.3343124389648,1301,1
11.0545310974121,722,1
9.3630313873291,1094,1
12.8893232345581,610,1
7.54683351516724,558,1
12.4295520782471,791,1
10.2278442382812,737,1
11.8532915115356,671,1
9.81441688537598,905,1
8.37598991394043,1064,1
4.92614603042603,687,1
9.27112483978271,521,1
10.5043859481812,541,1
9.43847942352295,715,1
6.61609363555908,606,1
12.1352710723877,1004,1
12.3141145706177,946,1
18.3958339691162,666,1
11.5532913208008,539,1
12.6700372695923,756,1
8.40508365631104,791,1
11.1398649215698,530,1
10.2846040725708,499,1
10.7457084655762,638,1
12.8865518569946,1018,1
12.6031455993652,983,1
15.7868232727051,702,1
9.91387462615967,562,1
13.2027187347412,698,1
10.6476669311523,725,1
14.6629581451416,439,1
10.5830316543579,526,1
7.92241668701172,559,1
8.28669834136963,843,1
11.6288747787476,814,1
8.25072860717773,908,1
7.68816661834717,545,1
9.57329177856445,544,1
11.2096147537231,719,1
8.43264961242676,1458,1
8.56030178070068,656,1
13.0337705612183,998,1
13.3868646621704,409,1
17.6110515594482,428,1
9.47508335113525,724,1
10.5932607650757,1074,1
10.9204587936401,632,1
10.2297496795654,758,1
9.62827396392822,580,1
10.4758749008179,419,1
9.39146900177002,537,1
10.0955209732056,548,1
16.6837921142578,534,1
7.91415596008301,883,1
12.2375316619873,872,1
10.2706775665283,623,1
12.7843647003174,755,1
13.6753644943237,386,1
9.52750015258789,1591,1
9.07754135131836,684,1
7.72488403320312,611,1
9.15468788146973,1082,1
16.0947608947754,594,1
8.98263549804688,812,1
7.97195816040039,709,1
6.87279176712036,808,1
7.68914604187012,990,1
11.1393852233887,830,1
12.2953433990479,794,1
12.9584169387817,778,1
7.88196849822998,557,1
10.6005620956421,503,1
9.77192687988281,820,1
19.466667175293,606,1
13.7192707061768,491,1
10.8276147842407,513,1
10.3736457824707,612,1
11.0084476470947,598,1
7.76691675186157,685,1
12.3084688186646,904,1
9.69926071166992,919,1
7.29426050186157,798,1
15.0836019515991,495,1
8.84364604949951,594,1
10.372875213623,630,1
10.2939586639404,530,1
13.2673435211182,705,1
9.05942726135254,1311,1
7.84546852111816,529,1
10.2785625457764,784,1
8.01551055908203,678,1
9.68782329559326,555,1
6.50111436843872,589,1
10.897271156311,964,1
8.95681285858154,876,1
7.57344770431519,605,1
7.34715604782104,678,1
12.0029582977295,884,1
5.75016689300537,694,1
9.0945520401001,761,1
11.2828855514526,560,1
10.6332607269287,576,1
11.0702085494995,874,1
13.9273147583008,759,1
9.43145847320557,817,1
10.5186357498169,620,1
9.47939586639404,917,1
13.9455518722534,1072,1
8.78887462615967,787,1
13.7131252288818,730,1
6.17706251144409,725,1
11.3903436660767,854,1
13.563364982605,586,1
6.40282297134399,585,1
15.6005373001099,563,1
12.1977920532227,934,1
9.40937519073486,810,1
10.4375419616699,585,1
11.7765731811523,500,1
9.25847911834717,849,1
16.0821361541748,632,1
10.7097082138062,757,1
7.77474975585938,501,1
15.5711402893066,615,1
9.1525936126709,661,1
11.0232496261597,919,1
8.00519847869873,974,1
10.9958019256592,530,1
9.03288555145264,498,1
11.4637079238892,754,1
7.74458312988281,667,1
10.3223438262939,683,1
10.8240623474121,625,1
15.2879867553711,540,1
6.67839574813843,591,1
11.7876148223877,780,1
9.63314533233643,789,1
9.37590599060059,778,1
11.7607393264771,522,1
17.1088886260986,912,1
7.371666431427,540,1
11.4604063034058,453,1
7.22716665267944,616,1
8.05012512207031,686,1
12.1744050979614,1024,1
10.5937185287476,861,1
12.3580102920532,635,1
12.6292295455933,535,1
13.2834167480469,776,1
11.1367712020874,639,1
16.2494277954102,727,1
9.95440578460693,648,1
12.7744998931885,1331,1
7.73497295379639,648,1
8.8538122177124,629,1
9.70493698120117,696,1
10.0359897613525,1358,1
11.2214479446411,715,1
5.20515632629395,813,0
7.66249990463257,1182,0
4.33282279968262,641,0
11.2860832214355,456,0
8.45318794250488,839,0
9.5,1618,0
8.6638126373291,580,0
7.51969814300537,1616,0
2.40294790267944,924,0
6.68933343887329,1154,0
6.62424993515015,1057,0
5.89130210876465,652,0
5.8635835647583,1522,0
6.93763542175293,625,0
-0.109687402844429,635,0
15.7348680496216,515,0
7.26165628433228,616,0
7.91537523269653,574,0
7.31270599365234,501,0
5.35277080535889,680,0
8.04247951507568,1460,0
11.0012397766113,424,0
16.8985939025879,468,0
6.35661745071411,605,0
8.36855220794678,692,0
6.05707311630249,548,0
7.37281227111816,617,0
6.53177070617676,666,0
6.61533308029175,1499,0
7.19177055358887,628,0
4.9698748588562,700,0
7.73186492919922,508,0
7.03388547897339,1259,0
3.93571877479553,661,0
14.9750728607178,379,0
15.2774686813354,348,0
19.1299781799316,212,0
7.75956583023071,1267,0
6.56134366989136,601,0
6.87857294082642,555,0
9.73078155517578,514,0
8.32410430908203,582,0
12.6221561431885,1734,0
17.1140174865723,437,0
5.09777069091797,674,0
3.41914582252502,469,0
6.30938529968262,612,0
-0.186562448740005,387,0
10.3087396621704,505,0
10.4923858642578,753,0
8.47623920440674,548,0
8.31021881103516,838,0
8.79726028442383,814,0
7.27496862411499,585,0
7.78234386444092,1279,0
5.34696865081787,1015,0
7.52239561080933,703,0
5.24200010299683,614,0
5.36219787597656,717,0
7.7486457824707,739,0
8.24369812011719,606,0
4.49884366989136,632,0
5.79098653793335,590,0
16.619104385376,297,0
20.6729888916016,162,0
7.91842699050903,662,0
7.7201771736145,517,0
4.65805196762085,1376,0
13.9229164123535,636,0
7.89118766784668,503,0
8.60515594482422,605,0
9.12497329711914,1145,0
14.2335939407349,1277,0
12.5044479370117,417,0
9.13347911834717,1415,0
18.3014278411865,799,0
5.659583568573,552,0
0.699489533901215,814,0
15.6885623931885,287,0
6.08032274246216,619,0
6.20537519454956,650,0
4.5938835144043,592,0
17.5682621002197,309,0
18.7583446502686,505,0
9.07804203033447,517,0
5.26206254959106,704,0
4.03872919082642,1232,0
0.808499991893768,598,0
16.7706604003906,669,0
6.81066656112671,619,0
8.18736457824707,819,0
2.98290634155273,714,0
3.82260417938232,620,0
4.00419807434082,621,0
16.3635425567627,542,0
8.98952102661133,1259,0
10.4132604598999,808,0
15.007905960083,382,0
7.82261896133423,1670,0
4.85010433197021,631,0
8.94873905181885,566,0
15.1177396774292,448,0
4.95321893692017,653,0
8.49440479278564,1168,0
8.75843715667725,696,0
7.10481262207031,613,0
7.5423436164856,603,0
9.26407337188721,791,0
10.9415731430054,568,0
8.42330169677734,515,0
2.67508339881897,805,0
8.37927055358887,925,0
6.56733322143555,715,0
6.21190643310547,645,0
6.97148275375366,1514,0
5.13856267929077,661,0
6.2126669883728,900,0
9.26584339141846,791,0
5.3577241897583,630,0
7.86704158782959,512,0
4.84328126907349,647,0
4.81747913360596,613,0
8.00826454162598,646,0
16.9453430175781,267,0
4.07380199432373,641,0
2.02372908592224,852,0
10.873948097229,542,0
7.61961460113525,551,0
3.81055212020874,640,0
16.9880332946777,460,0
7.25283336639404,592,0
16.0665225982666,584,0
8.72301006317139,512,0
7.03082323074341,942,0
8.2580041885376,596,0
8.4330415725708,597,0
5.95562505722046,800,0
5.4324893951416,673,0
6.89225006103516,988,0
5.31441640853882,636,0
16.1423606872559,607,0
6.12353134155273,905,0
20.8775939941406,149,0
11.7827081680298,550,0
5.02168750762939,624,0
6.28539609909058,650,0
7.89722919464111,1196,0
8.27584362030029,509,0
5.93264579772949,607,0
4.19726037979126,592,0
15.5158958435059,657,0
7.55989599227905,600,0
7.91479158401489,885,0
15.9344692230225,823,0
6.97415637969971,651,0
6.18315601348877,618,0
2.49680209159851,649,0
9.38016700744629,1187,0
6.75297927856445,702,0
4.82078123092651,696,0
6.4899582862854,545,0
6.40794801712036,1576,0
6.68690633773804,621,0
5.05786466598511,695,0
3.81053113937378,645,0
2.80545830726624,647,0
8.12225723266602,588,0
16.3618850708008,216,0
4.50997924804688,1241,0
10.925802230835,606,0
6.44483327865601,607,0
6.44063520431519,594,0
7.41249990463257,739,0
10.5195417404175,541,0
4.88553142547607,689,0
15.2452077865601,347,0
14.9934682846069,437,0
6.2078857421875,662,0
3.53519797325134,611,0
17.3295097351074,554,0
3.3358039855957,2874,0
4.78819799423218,728,0
7.56558322906494,741,0
8.60844802856445,851,0
8.36536407470703,673,0
6.72598934173584,1830,0
6.17760419845581,650,0
9.19742679595947,527,0
15.4305725097656,442,0
7.13474988937378,892,0
3.74220824241638,764,0
14.7971038818359,335,0
10.04958152771,1686,0
7.97030973434448,830,0
2.38695597648621,1893,0
4.61018753051758,789,0
8.71273994445801,793,0
4.15248966217041,1315,0
10.3868751525879,638,0
15.7643642425537,268,0
8.55959033966064,756,0
10.2010831832886,531,0
17.1741142272949,418,0
8.31191635131836,583,0
6.90708351135254,604,0
10.2631769180298,853,0
6.66017723083496,2141,0
4.30688524246216,641,0
11.4551458358765,411,0
15.7328958511353,365,0
15.7582921981812,288,0
12.9234933853149,897,0
5.27799987792969,642,0
7.06173944473267,595,0
2.96323943138123,740,0
15.58762550354,536,0
6.24981260299683,1107,0
17.0761661529541,753,0
4.79060411453247,650,0
10.3859376907349,594,0
5.85644817352295,687,0
7.48034381866455,528,0
3.76852083206177,628,0
9.35872936248779,1115,0
15.2008333206177,730,0
2.04883337020874,1421,0
6.9751148223877,597,0
5.01616668701172,656,0
11.1881980895996,463,0
7.74253129959106,496,0
3.25807619094849,2749,0
16.0226039886475,195,0
16.4054374694824,253,0
18.1369400024414,624,0
5.21294784545898,649,0
22.1668548583984,75,0
3.64190626144409,698,0
7.71629190444946,721,0
10.7734899520874,558,0
5.78088521957397,608,0
4.84846878051758,1730,0
5.70544767379761,676,0
8.39759349822998,1314,0
6.41960430145264,676,0
12.9020109176636,422,0
5.37346887588501,674,0
7.53389596939087,570,0
3.37107920646667,1814,0
4.77655220031738,1100,0
8.23092746734619,1118,0
8.37411499023438,732,0
17.7257118225098,484,0
7.30017709732056,619,0
5.06502819061279,3207,0
4.33118772506714,569,0
11.1219997406006,471,0
3.13155198097229,983,0
5.16286468505859,653,0
11.7291040420532,601,0
7.02660417556763,766,0
15.762677192688,164,0
7.81736135482788,1190,0
1.15833342075348,1255,0
4.17999982833862,643,0
7.73732280731201,709,0
5.15547895431519,1928,0
17.0989894866943,517,0
11.3514995574951,534,0
3.68011450767517,1278,0
10.8708333969116,1116,0
0.414624899625778,684,0
16.7621250152588,572,0
7.05220746994019,531,0
16.6554164886475,436,0
12.1486978530884,1359,0
6.90190649032593,829,0
7.931312084198,709,0
7.85971879959106,567,0
5.69146871566772,640,0
6.30248975753784,619,0
7.24655199050903,1726,0
16.19215965271,1060,0
14.6033954620361,358,0
15.1627187728882,468,0
6.9986457824707,930,0
18.5750007629395,336,0
7.92471885681152,955,0
15.4354162216187,356,0
5.94511461257935,649,0
7.20608329772949,572,0
12.6113538742065,1421,0
7.56957387924194,518,0
4.84875011444092,651,0
12.6335315704346,449,0
6.03840637207031,671,0
5.57275009155273,665,0
13.7705001831055,422,0
10.8360834121704,1471,0
8.75412464141846,643,0
7.25137519836426,634,0
0.408531308174133,939,0
7.80571889877319,1382,0
17.2890529632568,469,0
8.38503170013428,831,0
7.8027811050415,864,0
18.6803436279297,706,0
20.3559379577637,116,0
4.06389570236206,636,0
7.96010398864746,614,0
7.53287601470947,2021,0
4.71365642547607,758,0
6.10524988174438,635,0
13.5163545608521,463,0
5.13522911071777,639,0
7.72648954391479,719,0
3.73941659927368,617,0
11.8716249465942,404,0
18.1774673461914,288,0
6.87135410308838,769,0
1.15331244468689,611,0
9.08509349822998,555,0
5.98288536071777,615,0
9.30471897125244,673,0
5.99566650390625,1038,0
13.7783336639404,1082,0
6.10132312774658,678,0
6.84040641784668,626,0
15.2108640670776,313,0
0.103489592671394,1675,0
9.99807262420654,1501,0
15.3528642654419,331,0
5.74499988555908,652,0
14.380708694458,337,0
7.94690656661987,547,0
6.48219776153564,648,0
4.43041658401489,660,0
7.70909357070923,791,0
8.82588577270508,1238,0
8.55310440063477,706,0
7.27134370803833,582,0
5.51660394668579,985,0
6.70905208587646,611,0
6.59474992752075,534,0
5.14877080917358,680,0
8.41011428833008,513,0
9.51935386657715,819,0
5.59464597702026,1105,0
8.28686428070068,526,0
7.07222938537598,634,0
8.11530208587646,506,0
0.589677095413208,1267,0
4.10103130340576,2837,0
3.84698963165283,772,0
5.4174952507019,2423,0
3.49229168891907,616,0
7.08759355545044,550,0
4.8122501373291,637,0
9.53955173492432,516,0
5.21438550949097,630,0
17.7625293731689,469,0
8.22386455535889,534,0
4.25648975372314,679,0
8.84606266021729,623,0
6.58590602874756,612,0
5.04927110671997,667,0
7.65252208709717,1627,0
4.24013519287109,696,0
7.70537519454956,556,0
18.9498538970947,201,0
4.65638542175293,612,0
5.73154163360596,877,0
4.828528881073,575,0
6.43009376525879,605,0
10.2604169845581,1545,0
8.20791625976562,569,0
8.93876075744629,591,0
6.20636367797852,617,0
9.70493698120117,696,0
6.31883573532104,2608,0
7.40044784545898,662,0
6.81134366989136,596,0
6.34268760681152,550,0
9.62145805358887,575,0
8.76605224609375,2233,0
9.14632320404053,641,0
4.63160419464111,679,0
4.9947395324707,632,0
8.9625415802002,653,0
2.38004159927368,1113,0
5.09318780899048,652,0
13.7640733718872,719,0
7.70581245422363,675,0
15.9776458740234,310,0
6.09745836257935,664,0
6.78674983978271,599,0
8.22339534759521,735,0
8.358229637146,527,0
6.91448974609375,575,0
21.8047714233398,99,0
5.05011463165283,684,0
5.09438514709473,645,0
5.06004190444946,652,0
2.86769771575928,1376,0
6.82326030731201,648,0
5.46153116226196,1213,0
11.8110208511353,394,0
7.10786485671997,643,0
15.3137559890747,729,0
20.6327476501465,199,0
9.41503143310547,819,0
7.77995824813843,752,0
14.7646770477295,595,0
8.10138511657715,1265,0
4.3274998664856,657,0
4.68958330154419,619,0
13.5962190628052,397,0
16.2211875915527,424,0
5.62368774414062,680,0
8.32147884368896,646,0
18.2625007629395,380,0
9.60160446166992,1221,0
7.16954326629639,991,0
6.35708332061768,649,0
14.8121042251587,618,0
6.74699974060059,612,0
5.90309381484985,1807,0
15.0513648986816,293,0
13.9115524291992,671,0
11.0655212402344,528,0
6.48289585113525,643,0
9.38488578796387,587,0
16.5070209503174,235,0
13.0587816238403,423,0
12.3707704544067,417,0
6.23259401321411,632,0
6.16246891021729,647,0
14.9801359176636,394,0
9.60307312011719,554,0
8.39466667175293,517,0
7.64758348464966,499,0
4.2524790763855,626,0
7.22054147720337,756,0
1.69852077960968,570,0
7.01104164123535,596,0
8.83921909332275,1250,0
8.03617668151855,966,0
2.30783343315125,733,0
6.6553750038147,602,0
6.91050004959106,626,0
5.31543731689453,672,0
8.4913854598999,1361,0
9.06731224060059,503,0
8.35265636444092,573,0
3.66506242752075,891,0
7.32894802093506,624,0
16.0693435668945,565,0
5.15708351135254,1107,0
10.1748332977295,418,0
8.64285373687744,668,0
19.4689998626709,185,0
10.2646980285645,1083,0
14.3390893936157,1421,0
8.72167682647705,612,0
4.55237483978271,797,0
0.400843769311905,708,0
9.97009372711182,525,0
15.9166669845581,834,0
3.99566674232483,689,0
6.89688539505005,595,0
6.70140695571899,1090,0
16.1014060974121,490,0
20.6783123016357,94,0
11.7573432922363,382,0
9.20467948913574,1676,0
6.47183322906494,932,0
9.17859363555908,485,0
17.4567985534668,427,0
12.4088125228882,910,0
11.9040002822876,1392,0
8.75852108001709,628,0
8.34177112579346,627,0
3.77905201911926,628,0
8.40485382080078,829,0
15.5301141738892,533,0
12.8735494613647,1051,0
21.8686046600342,77,0
8.3415412902832,610,0
6.6068229675293,581,0
18.4566669464111,976,0
16.0453624725342,596,0
3.96656370162964,2464,0
5.9500675201416,2746,0
11.2141456604004,699,0
8.5697078704834,589,0
5.88127088546753,590,0
8.54672908782959,648,0
10.97825050354,670,0
19.1833343505859,304,0
7.95684385299683,574,0
6.6716251373291,591,0
9.59263515472412,1012,0
10.3201351165771,904,0
7.15416669845581,516,0
5.12837505340576,623,0
7.71056222915649,954,0
9.40639591217041,1529,0
10.2628087997437,1571,0
6.66872930526733,586,0
7.45646524429321,442,0
17.2763233184814,516,0
6.64021873474121,625,0
9.54895877838135,778,0
9.04405212402344,601,0
4.98903131484985,659,0
6.89462375640869,521,0
7.00233316421509,502,0
-0.0636145994067192,699,0
17.6430320739746,369,0
6.40526056289673,645,0
4.71367073059082,655,0
9.0117712020874,1325,0
-0.519677042961121,1243,0
8.04307270050049,1033,0
7.21983337402344,1332,0
9.18322944641113,489,0
5.91520833969116,2663,0
22.0139064788818,76,0
6.51181221008301,605,0
7.48435401916504,693,0
4.96129179000854,664,0
9.41981029510498,1227,0
10.9784059524536,373,0
9.09203147888184,684,0
6.41252088546753,626,0
6.50974988937378,592,0
5.22222232818604,650,0
6.1065731048584,652,0
5.09017705917358,644,0
9.20582294464111,811,0
6.6964898109436,1045,0
21.7546768188477,67,0
8.14964580535889,698,0
8.26680183410645,1653,0
7.32250022888184,596,0
7.53481864929199,760,0
18.2250003814697,312,0
1.85340619087219,745,0
6.65433311462402,579,0
7.79183340072632,567,0
13.2284164428711,607,0
10.9726877212524,599,0
19.5474376678467,130,0
14.1516876220703,286,0
17.0258712768555,339,0
18.0429172515869,409,0
5.71388530731201,662,0
14.2116870880127,387,0
5.5374059677124,623,0
6.22637510299683,642,0
11.1625623703003,652,0
10.0359897613525,1358,0
6.5176043510437,1379,0
9.14677047729492,558,0
5.00822925567627,644,0
6.90987491607666,628,0
18.8810424804688,224,0
3.81815624237061,655,0
9.3019380569458,1069,0
4.78533315658569,1600,0
12.1845941543579,460,0
16.445384979248,212,0
1.26385414600372,1485,0
16.1038951873779,559,0
6.11736440658569,617,0
1.63358330726624,1704,0
8.93655204772949,1260,0
0.734010398387909,717,0
6.55254173278809,619,0
5.30182313919067,638,0
6.64764595031738,903,0
7.63306856155396,1039,0
7.71049976348877,2097,0
17.3325634002686,159,0
3.5053334236145,811,0
9.60714530944824,1285,0
9.28495216369629,1443,0
7.97253131866455,557,0
6.02314615249634,825,0
6.6052188873291,602,0
7.67784357070923,1545,0
8.16908359527588,743,0
9.49829578399658,1140,0
16.2443237304688,467,0
14.7060623168945,355,0
5.64111471176147,817,0
5.44466686248779,1865,0
8.0073127746582,1273,0
17.6132507324219,169,0
8.43813514709473,588,0
18.2656440734863,332,0
7.33794784545898,794,0
3.76829171180725,828,0
5.27921867370605,645,0
8.54854202270508,661,0
13.7243232727051,441,0
21.896635055542,71,0
8.99445819854736,659,0
3.81514573097229,870,0
7.20632314682007,756,0
17.6048603057861,440,0
7.20907306671143,631,0
8.21482276916504,618,0
6.67441654205322,650,0
10.5025939941406,707,0
10.407416343689,695,0
6.39068746566772,597,0
7.38255214691162,664,0
6.2061562538147,569,0
13.2014379501343,235,0
5.05986452102661,647,0
5.14433622360229,2883,0
0.515562534332275,512,0
2.11543750762939,760,0
12.0216665267944,397,0
16.6494255065918,370,0
9.34441661834717,570,0
7.04663562774658,790,0
4.66589593887329,654,0
8.15219783782959,511,0
9.72807025909424,578,0
9.86861133575439,1338,0
7.48715162277222,1280,0
18.6291656494141,502,0
7.53411769866943,694,0
12.6757917404175,482,0
9.62783336639404,587,0
4.47538566589355,705,0
5.39541673660278,606,0
3.65900015830994,717,0
8.26147937774658,707,0
3.70696878433228,653,0
8.35587501525879,765,0
10.7387084960938,421,0
9.39333343505859,871,0
17.8168449401855,457,0
15.0999622344971,664,0
15.4992704391479,509,0
9.19084358215332,1098,0
8.59504127502441,1615,0
3.4375,778,0
5.31448936462402,705,0
16.2307968139648,518,0
6.04067707061768,640,0
6.51836442947388,1217,0
6.82041692733765,2442,0
15.2727708816528,334,0
3.86036467552185,645,0
9.97616672515869,547,0
2.79089593887329,785,0
8.16854190826416,716,0
9.53699970245361,553,0
4.37129640579224,2063,0
5.39467716217041,652,0
7.4386773109436,712,0
15.4851245880127,508,0
19.466667175293,606,0
9.24771881103516,802,0
6.18141651153564,1031,0
17.7412490844727,413,0
5.58454179763794,612,0
7.20100069046021,794,0
7.66581249237061,537,0
22.5518016815186,92,0
8.31336498260498,615,0
4.97224998474121,614,0
7.90811443328857,595,0
8.52953147888184,1459,0
7.85485410690308,1165,0
7.99691677093506,541,0
5.53290605545044,627,0
4.85942697525024,816,0
7.54746866226196,536,0
13.3638343811035,930,0
5.75791692733765,684,0
18.1434268951416,357,0
6.9099588394165,2399,0
6.87125015258789,981,0
8.65416622161865,1389,0
8.5126428604126,577,0
14.4950037002563,1079,0
6.7692084312439,655,0
3.30320835113525,616,0
5.20302057266235,700,0
9.67887496948242,562,0
8.5025520324707,782,0
8.43153095245361,789,0
10.5615100860596,584,0
14.9963130950928,399,0
14.8753232955933,301,0
17.6378326416016,185,0
10.0571517944336,417,0
3.35083341598511,612,0
17.6516780853271,437,0
15.1069793701172,655,0
9.81772899627686,1267,0
7.80408334732056,717,0
3.75503134727478,830,0
7.53943729400635,603,0
10.4427080154419,918,0
7.46383333206177,650,0
5.42860412597656,632,0
20.8453960418701,97,0
20.0717391967773,96,0
10.7358961105347,491,0
6.18368768692017,606,0
10.1598539352417,1110,0
15.8698644638062,384,0
6.69257259368896,795,0
13.5040311813354,1187,0
19.3009586334229,161,0
8.27434921264648,824,0
6.26593732833862,606,0
7.64718770980835,538,0
5.63885402679443,681,0
3.48731255531311,1238,0
8.41131210327148,636,0
4.60683345794678,792,0
7.45977067947388,739,0
18.1685829162598,462,0
4.78378105163574,656,0
11.0901565551758,689,0
6.51347923278809,1034,0
2.4704167842865,1772,0
9.40274047851562,716,0
13.5492706298828,485,0
8.11607265472412,510,0
5.78749990463257,581,0
16.9424476623535,926,0
14.3002500534058,616,0
8.50994777679443,848,0
3.98456263542175,627,0
10.1308336257935,1015,0
7.16484928131104,1059,0
5.53457450866699,2953,0
18.519645690918,155,0
-2.16927075386047,1104,0
8.97649002075195,580,0
8.57264614105225,607,0
9.20355224609375,793,0
6.03613567352295,671,0
9.86388492584229,861,0
16.2775001525879,616,0
8.63307285308838,602,0
7.86300611495972,569,0
9.70949268341064,828,0
7.05206251144409,590,0
9.52369785308838,602,0
6.27122926712036,651,0
6.62153100967407,624,0
15.5977087020874,749,0
8.33224964141846,549,0
0.335812509059906,1446,0
4.33218765258789,692,0
17.1698741912842,425,0
6.63397932052612,586,0
10.4361562728882,766,0
9.57328128814697,590,0
16.05641746521,256,0
7.67916679382324,769,0
15.6060733795166,661,0
8.08778095245361,583,0
17.4541664123535,577,0
4.17289590835571,680,0
7.69702386856079,1172,0
7.21597909927368,1602,0
8.53758335113525,1533,0
4.9821457862854,663,0
5.26555204391479,651,0
17.2331314086914,562,0
17.9643306732178,477,0
4.37932300567627,638,0
5.38860416412354,645,0
8.4813232421875,554,0
16.4219379425049,455,0
5.04101037979126,1502,0
2.61104154586792,756,0
9.90071296691895,962,0
6.18971872329712,613,0
8.13044738769531,577,0
8.74727058410645,659,0
5.21882295608521,625,0
22.7741050720215,73,0
14.2885627746582,1560,0
9.36309337615967,553,0
7.02569770812988,1398,0
17.3756942749023,313,0
7.40341663360596,744,0
14.4563016891479,642,0
7.60363531112671,591,0
7.48928117752075,518,0
19.0720748901367,219,0
8.48514556884766,753,0
17.2719993591309,198,0
17.0193576812744,552,0
7.69987010955811,595,0
22.2023544311523,116,0
12.9103546142578,554,0
7.27142715454102,655,0
10.7087497711182,482,0
7.046302318573,618,0
5.18208312988281,769,0
8.8560962677002,1418,0
8.20393753051758,731,0
8.3039379119873,559,0
8.98181247711182,1561,0
7.13769769668579,532,0
8.20956230163574,512,0
6.46487474441528,987,0
7.82040643692017,556,0
-2.58588552474976,939,0
11.1342706680298,689,0
6.3384895324707,638,0
3.68238544464111,830,0
15.8241672515869,624,0
7.01633358001709,664,0
8.73697948455811,778,0
1.29635405540466,736,0
8.86704158782959,957,0
10.7463226318359,395,0
8.67438411712646,578,0
14.7255420684814,527,0
7.19687509536743,560,0
13.2263336181641,529,0
4.91883325576782,643,0
0.623479187488556,628,0
5.93746900558472,579,0
8.16336441040039,554,0
16.9821147918701,273,0
9.97718715667725,632,0
8.67376041412354,587,0
5.96157264709473,629,0
6.56711435317993,739,0
6.2195520401001,722,0
13.9351663589478,431,0
6.96504163742065,592,0
-0.52253133058548,863,0
7.3632345199585,827,0
8.30556297302246,1802,0
9.47506237030029,475,0
5.70780658721924,597,0
9.00203132629395,737,0
13.3943853378296,467,0
6.90533208847046,574,0
20.3860511779785,113,0
7.0267186164856,793,0
12.9097709655762,1619,0
10.9690208435059,690,0
6.01418733596802,603,0
7.89969778060913,609,0
10.9594898223877,550,0
7.07111310958862,724,0
8.77668762207031,501,0
19.9486598968506,162,0
9.78640842437744,1227,0
16.6951141357422,395,0
4.99519777297974,660,0
6.52986097335815,591,0
16.1690483093262,933,0
7.04399967193604,587,0
8.3736457824707,535,0
5.35532283782959,708,0
10.541051864624,456,0
5.21055221557617,643,0
19.0353851318359,495,0
5.84481239318848,1373,0
9.92923927307129,620,0
6.35429191589355,651,0
4.08069801330566,646,0
10.3062286376953,554,0
5.78208351135254,829,0
8.74046897888184,1009,0
4.17079162597656,633,0
5.96744823455811,680,0
5.24623966217041,627,0
21.8614368438721,70,0
8.84989547729492,567,0
18.9358654022217,283,0
6.18176031112671,667,0
5.82803153991699,636,0
7.9430627822876,536,0
7.36820840835571,573,0
14.2261304855347,797,0
5.30689573287964,631,0
7.89782285690308,922,0
11.3297815322876,601,0
7.25387477874756,1097,0
14.9086351394653,245,0
11.772967338562,432,0
3.74421882629395,651,0
12.296667098999,1664,0
6.65672922134399,608,0
5.39717721939087,649,0
4.28756237030029,657,0
8.65922927856445,836,0
10.468560218811,1602,0
16.2925319671631,403,0
7.56448936462402,595,0
17.5856037139893,760,0
7.55139589309692,662,0
7.66008329391479,1133,0
22.0063228607178,115,0
17.6414089202881,527,0
7.711989402771,559,0
16.5503845214844,476,0
7.90228128433228,562,0
3.21932291984558,650,0
3.12757301330566,618,0
8.29471874237061,559,0
16.52024269104,665,0
4.13769769668579,674,0
8.63836479187012,598,0
7.72464609146118,1361,0
11.4906101226807,1076,0
15.20481300354,319,0
7.30592679977417,614,0
6.20962762832642,626,0
8.81506443023682,1501,0
20.3306770324707,123,0
13.7288179397583,1635,0
13.9613857269287,612,0
6.82588529586792,723,0
6.56963539123535,621,0
1.12942707538605,1166,0
1.29483342170715,786,0
22.1244277954102,96,0
8.47033500671387,1957,0
6.69557285308838,643,0
14.620156288147,475,0
16.6354579925537,225,0
14.0854587554932,424,0
7.04729175567627,623,0
16.6915626525879,234,0
6.47284364700317,2644,0
8.31326007843018,540,0
20.6206665039062,106,0
9.66495800018311,525,0
3.98090624809265,686,0
7.51671886444092,710,0
16.2319068908691,631,0
5.25122880935669,666,0
4.01659393310547,671,0
15.7591371536255,512,0
4.93960428237915,650,0
5.34155225753784,657,0
7.04832315444946,639,0
6.90299987792969,592,0
6.15005207061768,638,0
8.11147880554199,721,0
7.64585399627686,1232,0
4.35135412216187,618,0
10.5278739929199,710,0
5.02587509155273,828,0
3.96105217933655,663,0
8.19146537780762,1821,0
5.97894620895386,868,0
16.7511043548584,299,0
5.70734357833862,616,0
21.9090938568115,66,0
14.4388561248779,1143,0
18.46875,673,0
4.95014572143555,677,0
10.6649789810181,499,0
6.74651050567627,624,0
7.33038568496704,583,0
8.99375057220459,549,0
7.71414613723755,630,0
7.97125768661499,1947,0
5.89989566802979,608,0
12.7973127365112,1210,0
4.56764602661133,743,0
8.64155197143555,566,0
18.0774383544922,477,0
7.32946872711182,1887,0
4.94964551925659,1099,0
7.55507278442383,751,0
4.07225036621094,656,0
6.4467601776123,622,0
6.66247892379761,621,0
7.8802809715271,1187,0
5.31228113174438,621,0
17.5524997711182,432,0
4.26447916030884,806,0
8.55300998687744,829,0
4.3471040725708,626,0
3.69186449050903,1262,0
9.26016712188721,641,0
5.69337511062622,616,0
17.2379169464111,688,0
17.4374370574951,372,0
6.85667705535889,567,0
